"","o_pval","a_pval","site","DepVar"
"1",0.526717673313357,0,"PH","Growth"
"2",7.56640645691232e-12,0,"PH","Dieback"
"3",NA,0,"PH","Mortality"
"4",0.319374025007885,0,"PV","Growth"
"5",0.728221463406699,0,"PV","Dieback"
"6",0.702962363270841,0,"PV","Mortality"
"7",0.166949786405339,0,"SF","Growth"
"8",0.000208600364920647,0,"SF","Dieback"
"9",NA,0,"SF","Mortality"
"10",0.0478711683098014,0,"SO","Growth"
"11",0.239646552053275,0,"SO","Dieback"
"12",0.841101134392844,0,"SO","Mortality"
